token	codepoint	ids	note
󐣹	U+D08F9		
󐑍	U+D044D		
󐀕	U+D0015		
󐨙	U+D0A19		
󐤧	U+D0927		
󐕱	U+D0571		
󐤉	U+D0909		
󐤩	U+D0929		
󐤈	U+D0908		
󐓨	U+D04E8		
󐣧	U+D08E7		
󐔦	U+D0526		
󐧝	U+D09DD		
󐵔	U+D0D54		
󐤛	U+D091B		
󐥝	U+D095D		
󐤽	U+D093D		
󐮩	U+D0BA9		
󐔱	U+D0531		
󐥞	U+D095E		
󐇥	U+D01E5		
󐣱	U+D08F1		
󐭻	U+D0B7B		
󐄏	U+D010F		
󐤌	U+D090C		
󐥵	U+D0975		
󐅳	U+D0173		
󐧂	U+D09C2		
󐦎	U+D098E		
󐱠	U+D0C60		
󰄕	U+F0115		
󐥳	U+D0973		
󐤋	U+D090B		
󐌊	U+D030A		
󐥢	U+D0962		
󐬆	U+D0B06		
󐊝	U+D029D		
󐦕	U+D0995		
󐦟	U+D099F		
󑞭	U+D17AD		
󐀀	U+D0000		
󐔷	U+D0537		
󐔹	U+D0539		
󐮋	U+D0B8B		
󑊄	U+D1284		
󐦄	U+D0984		
󐦋	U+D098B		
󐩥	U+D0A65		
󐤫	U+D092B		
󐤴	U+D0934		
󐪅	U+D0A85		
󐯊	U+D0BCA		
󐱅	U+D0C45		
󑭅	U+D1B45		
󐀣	U+D0023		
󑀛	U+D101B		
󐆮	U+D01AE		
󐊨	U+D02A8		
󐣮	U+D08EE		
󐨐	U+D0A10		
󐫅	U+D0AC5		
󑆝	U+D119D		
󐋮	U+D02EE		
󐍀	U+D0340		
󐔻	U+D053B		
󐩗	U+D0A57		
󐷩	U+D0DE9		
󐍝	U+D035D		
󐤊	U+D090A		
󑀝	U+D101D		
󑂈	U+D1088		
󐑌	U+D044C		
󐩻	U+D0A7B		
󐭝	U+D0B5D		
󐳲	U+D0CF2		
󐷦	U+D0DE6		
󐾨	U+D0FA8		
󑆁	U+D1181		
󑩜	U+D1A5C		
񅒘	U+45498		
󐗑	U+D05D1		
󐤡	U+D0921		
󐤵	U+D0935		
󐬎	U+D0B0E		
󐲋	U+D0C8B		
󐷈	U+D0DC8		
󐺻	U+D0EBB		
󑀼	U+D103C		
󑃧	U+D10E7		
󐂾	U+D00BE		
󐆐	U+D0190		
󐏨	U+D03E8		
󐖷	U+D05B7		
󐤦	U+D0926		
󐬂	U+D0B02		
󐳐	U+D0CD0		
󐳷	U+D0CF7		
󐸢	U+D0E22		
󐹻	U+D0E7B		
󐼎	U+D0F0E		
󐼯	U+D0F2F		
󑄏	U+D110F		
󑛖	U+D16D6		
󑬔	U+D1B14		
𼎎	U+3C38E		
󐆨	U+D01A8		
󐍸	U+D0378		
󐛠	U+D06E0		
󐥑	U+D0951		
󐥨	U+D0968		
󐦉	U+D0989		
󐨠	U+D0A20		
󐬄	U+D0B04		
󐬤	U+D0B24		
󐭀	U+D0B40		
󐷷	U+D0DF7		
󐹅	U+D0E45		
󐿝	U+D0FDD		
󑀘	U+D1018		
󑗆	U+D15C6		
󐄤	U+D0124		
󐋱	U+D02F1		
󐓟	U+D04DF		
󐣽	U+D08FD		
󐤙	U+D0919		
󐤬	U+D092C		
󐥲	U+D0972		
󐨍	U+D0A0D		
󐩙	U+D0A59		
󐬢	U+D0B22		
󐬼	U+D0B3C		
󐭩	U+D0B69		
󐮷	U+D0BB7		
󐯤	U+D0BE4		
󐱽	U+D0C7D		
󑂶	U+D10B6		
󑖦	U+D15A6		
󰌔	U+F0314		
󐓐	U+D04D0		
󐤇	U+D0907		
󐥮	U+D096E		
󐪳	U+D0AB3		
󐬛	U+D0B1B		
󐯑	U+D0BD1		
󐲍	U+D0C8D		
󐴂	U+D0D02		
󐴄	U+D0D04		
󐼠	U+D0F20		
󑀆	U+D1006		
󑀟	U+D101F		
󑓨	U+D14E8		
󑟘	U+D17D8		
󑧄	U+D19C4		
񅆒	U+45192		
񅞇	U+45787		
󐄎	U+D010E		
󐕐	U+D0550		
󐕯	U+D056F		
󐦦	U+D09A6		
󐨁	U+D0A01		
󐪩	U+D0AA9		
󐪫	U+D0AAB		
󐫰	U+D0AF0		
󐭼	U+D0B7C		
󐮢	U+D0BA2		
󐮴	U+D0BB4		
󐳤	U+D0CE4		
󐺚	U+D0E9A		
󐺜	U+D0E9C		
󐽧	U+D0F67		
󐽨	U+D0F68		
󐽷	U+D0F77		
󐾊	U+D0F8A		
󑔍	U+D150D		
󰌳	U+F0333		
񅐍	U+4540D		
󐀊	U+D000A		
󐤠	U+D0920		
󐦈	U+D0988		
󐧆	U+D09C6		
󐨮	U+D0A2E		
󐪶	U+D0AB6		
󐭕	U+D0B55		
󐮼	U+D0BBC		
󐰑	U+D0C11		
󐵑	U+D0D51		
󐸆	U+D0E06		
󐻂	U+D0EC2		
󐼄	U+D0F04		
󐽋	U+D0F4B		
󐾰	U+D0FB0		
󑀙	U+D1019		
󑃊	U+D10CA		
󑆘	U+D1198		
󑉧	U+D1267		
󑒜	U+D149C		
󑩐	U+D1A50		
󑬂	U+D1B02		
񈅈	U+48148		
󈪭	U+C8AAD		
󈫁	U+C8AC1		
󐈃	U+D0203		
󐉮	U+D026E		
󐏶	U+D03F6		
󐐓	U+D0413		
󐑧	U+D0467		
󐓕	U+D04D5		
󐕏	U+D054F		
󐜙	U+D0719		
󐥔	U+D0954		
󐥘	U+D0958		
󐩁	U+D0A41		
󐯔	U+D0BD4		
󐰏	U+D0C0F		
󐰼	U+D0C3C		
󐴏	U+D0D0F		
󐵟	U+D0D5F		
󐺨	U+D0EA8		
󐼁	U+D0F01		
󐽶	U+D0F76		
󑀳	U+D1033		
󑁺	U+D107A		
󑄐	U+D1110		
󑊍	U+D128D		
󑚺	U+D16BA		
󑩣	U+D1A63		
󑭀	U+D1B40		
󑮑	U+D1B91		
𾍶	U+3E376		
񄰕	U+44C15		
󐀉	U+D0009		
󐃟	U+D00DF		
󐔎	U+D050E		
󐣭	U+D08ED		
󐦊	U+D098A		
󐦔	U+D0994		
󐦭	U+D09AD		
󐨄	U+D0A04		
󐫟	U+D0ADF		
󐭍	U+D0B4D		
󐮓	U+D0B93		
󐮠	U+D0BA0		
󐯖	U+D0BD6		
󐰋	U+D0C0B		
󐵮	U+D0D6E		
󐻴	U+D0EF4		
󐻶	U+D0EF6		
󐻺	U+D0EFA		
󐽁	U+D0F41		
󑀨	U+D1028		
󑂚	U+D109A		
󑃝	U+D10DD		
󑃡	U+D10E1		
󑇽	U+D11FD		
󑇾	U+D11FE		
󑍒	U+D1352		
󑍕	U+D1355		
󑓓	U+D14D3		
󑖘	U+D1598		
󑘮	U+D162E		
󑣁	U+D18C1		
󑥰	U+D1970		
󑦍	U+D198D		
󑫫	U+D1AEB		
󑮎	U+D1B8E		
󑮏	U+D1B8F		
󰈀	U+F0200		
󰌫	U+F032B		
񅅠	U+45160		
󈧐	U+C89D0		
󐅺	U+D017A		
󐓺	U+D04FA		
󐕁	U+D0541		
󐖺	U+D05BA		
󐗏	U+D05CF		
󐦐	U+D0990		
󐦩	U+D09A9		
󐧊	U+D09CA		
󐩶	U+D0A76		
󐪄	U+D0A84		
󐪇	U+D0A87		
󐪞	U+D0A9E		
󐪻	U+D0ABB		
󐫩	U+D0AE9		
󐰓	U+D0C13		
󐰡	U+D0C21		
󐰲	U+D0C32		
󐲃	U+D0C83		
󐳽	U+D0CFD		
󐷶	U+D0DF6		
󐺟	U+D0E9F		
󐺢	U+D0EA2		
󐺷	U+D0EB7		
󐻀	U+D0EC0		
󐻇	U+D0EC7		
󐼷	U+D0F37		
󐾼	U+D0FBC		
󑃜	U+D10DC		
󑄝	U+D111D		
󑇴	U+D11F4		
󑎖	U+D1396		
󑑯	U+D146F		
󑔰	U+D1530		
󑚅	U+D1685		
󑜐	U+D1710		
󑜜	U+D171C		
󑞂	U+D1782		
󑠅	U+D1805		
󑧫	U+D19EB		
󑨅	U+D1A05		
󑩷	U+D1A77		
󑭍	U+D1B4D		
񅏮	U+453EE		
񅝾	U+4577E		
󐎑	U+D0391		
󐑂	U+D0442		
󐑒	U+D0452		
󐔜	U+D051C		
󐕑	U+D0551		
󐠈	U+D0808		
󐣶	U+D08F6		
󐨦	U+D0A26		
󐨻	U+D0A3B		
󐩆	U+D0A46		
󐩜	U+D0A5C		
󐩯	U+D0A6F		
󐬞	U+D0B1E		
󐬫	U+D0B2B		
󐮡	U+D0BA1		
󐮬	U+D0BAC		
󐯗	U+D0BD7		
󐯦	U+D0BE6		
󐰞	U+D0C1E		
󐰵	U+D0C35		
󐰹	U+D0C39		
󐳜	U+D0CDC		
󐳾	U+D0CFE		
󐴎	U+D0D0E		
󐴑	U+D0D11		
󐵇	U+D0D47		
󐵍	U+D0D4D		
󐷎	U+D0DCE		
󐷾	U+D0DFE		
󐹙	U+D0E59		
󐻭	U+D0EED		
󐼘	U+D0F18		
󐾱	U+D0FB1		
󑀶	U+D1036		
󑐥	U+D1425		
󑕔	U+D1554		
󑖾	U+D15BE		
󑧶	U+D19F6		
󑩖	U+D1A56		
󑩯	U+D1A6F		
󑫄	U+D1AC4		
󑫩	U+D1AE9		
񄲽	U+44CBD		
񄵩	U+44D69		
񄾐	U+44F90		
񅋊	U+452CA		
񅏫	U+453EB		
񅑎	U+4544E		
񅗹	U+455F9		
񅙤	U+45664		
󁀒	U+C1012		
󈣰	U+C88F0		
󐃋	U+D00CB		
󐍓	U+D0353		
󐑯	U+D046F		
󐑳	U+D0473		
󐒹	U+D04B9		
󐓗	U+D04D7		
󐔽	U+D053D		
󐕂	U+D0542		
󐙕	U+D0655		
󐚉	U+D0689		
󐤁	U+D0901		
󐤔	U+D0914		
󐤗	U+D0917		
󐤶	U+D0936		
󐥷	U+D0977		
󐥼	U+D097C		
󐦖	U+D0996		
󐦰	U+D09B0		
󐧟	U+D09DF		
󐨛	U+D0A1B		
󐨧	U+D0A27		
󐨨	U+D0A28		
󐩰	U+D0A70		
󐪭	U+D0AAD		
󐪽	U+D0ABD		
󐬿	U+D0B3F		
󐮞	U+D0B9E		
󐮽	U+D0BBD		
󐮾	U+D0BBE		
󐮿	U+D0BBF		
󐯃	U+D0BC3		
󐯏	U+D0BCF		
󐯕	U+D0BD5		
󐰜	U+D0C1C		
󐱶	U+D0C76		
󐱸	U+D0C78		
󐲴	U+D0CB4		
󐳆	U+D0CC6		
󐳠	U+D0CE0		
󐳹	U+D0CF9		
󐴅	U+D0D05		
󐴍	U+D0D0D		
󐴹	U+D0D39		
󐵎	U+D0D4E		
󐵜	U+D0D5C		
󐶛	U+D0D9B		
󐶭	U+D0DAD		
󐶮	U+D0DAE		
󐻫	U+D0EEB		
󐼼	U+D0F3C		
󐽾	U+D0F7E		
󐾒	U+D0F92		
󐾛	U+D0F9B		
󐾦	U+D0FA6		
󐾲	U+D0FB2		
󐿎	U+D0FCE		
󑀁	U+D1001		
󑀊	U+D100A		
󑀐	U+D1010		
󑀣	U+D1023		
󑁓	U+D1053		
󑁩	U+D1069		
󑂂	U+D1082		
󑂎	U+D108E		
󑂻	U+D10BB		
󑃔	U+D10D4		
󑃱	U+D10F1		
󑃲	U+D10F2		
󑄃	U+D1103		
󑄼	U+D113C		
󑇺	U+D11FA		
󑇼	U+D11FC		
󑈑	U+D1211		
󑉝	U+D125D		
󑌗	U+D1317		
󑍌	U+D134C		
󑐠	U+D1420		
󑐯	U+D142F		
󑒖	U+D1496		
󑒛	U+D149B		
󑔬	U+D152C		
󑖳	U+D15B3		
󑙔	U+D1654		
󑚐	U+D1690		
󑚳	U+D16B3		
󑜽	U+D173D		
󑟍	U+D17CD		
󑠼	U+D183C		
󑡌	U+D184C		
󑢢	U+D18A2		
󑢳	U+D18B3		
󑣆	U+D18C6		
󑣞	U+D18DE		
󑤅	U+D1905		
󑤓	U+D1913		
󑤡	U+D1921		
󑤦	U+D1926		
󑥕	U+D1955		
󑥠	U+D1960		
󑥪	U+D196A		
󑥭	U+D196D		
󑦨	U+D19A8		
󑧯	U+D19EF		
󑨈	U+D1A08		
󑨊	U+D1A0A		
󑩄	U+D1A44		
󑩏	U+D1A4F		
󑩤	U+D1A64		
󑫂	U+D1AC2		
󑫃	U+D1AC3		
󑫣	U+D1AE3		
󑫥	U+D1AE5		
󑮵	U+D1BB5		
󑮺	U+D1BBA		
󑯫	U+D1BEB		
󑯲	U+D1BF2		
󑯳	U+D1BF3		
󰌊	U+F030A		
󰌏	U+F030F		
󰌐	U+F0310		
�	U+FFFD		
񄯗	U+44BD7		
񌣮	U+4C8EE		
󐄓	U+D0113		
󐇅	U+D01C5		
󐓄	U+D04C4		
󐕭	U+D056D		
󐣨	U+D08E8		
󐤄	U+D0904		
󐤆	U+D0906		
󐥠	U+D0960		
󐥤	U+D0964		
󐥽	U+D097D		
󐦶	U+D09B6		
󐧢	U+D09E2		
󐧦	U+D09E6		
󐧯	U+D09EF		
󐨌	U+D0A0C		
󐩐	U+D0A50		
󐪺	U+D0ABA		
󐭽	U+D0B7D		
󐮗	U+D0B97		
󐯨	U+D0BE8		
󐱋	U+D0C4B		
󐳘	U+D0CD8		
󐳣	U+D0CE3		
󐴐	U+D0D10		
󐴔	U+D0D14		
󐵋	U+D0D4B		
󐵚	U+D0D5A		
󐵲	U+D0D72		
󐶓	U+D0D93		
󐷌	U+D0DCC		
󐷐	U+D0DD0		
󐷪	U+D0DEA		
󐸯	U+D0E2F		
󐹍	U+D0E4D		
󐼖	U+D0F16		
󐾶	U+D0FB6		
󐿵	U+D0FF5		
󑀉	U+D1009		
󑁙	U+D1059		
󑂏	U+D108F		
󑂗	U+D1097		
󑄂	U+D1102		
󑄧	U+D1127		
󑄱	U+D1131		
󑆍	U+D118D		
󑎙	U+D1399		
󑕘	U+D1558		
󑖔	U+D1594		
󑖩	U+D15A9		
󑛌	U+D16CC		
󑞡	U+D17A1		
󑡗	U+D1857		
󑡞	U+D185E		
󑡣	U+D1863		
󑡮	U+D186E		
󑢞	U+D189E		
󑣘	U+D18D8		
󑤕	U+D1915		
󑦣	U+D19A3		
󑧆	U+D19C6		
󑧡	U+D19E1		
󑨏	U+D1A0F		
󑨜	U+D1A1C		
󑨝	U+D1A1D		
󑩚	U+D1A5A		
󑪻	U+D1ABB		
󑿭	U+D1FED		
󰌇	U+F0307		
𿭅	U+3FB45		
񄮒	U+44B92		
񅋬	U+452EC		
񅝴	U+45774		
񍫼	U+4DAFC		
󐀤	U+D0024		
󐄾	U+D013E		
󐆭	U+D01AD		
󐇭	U+D01ED		
󐌀	U+D0300		
󐒞	U+D049E		
󐓾	U+D04FE		
󐔨	U+D0528		
󐖌	U+D058C		
󐗁	U+D05C1		
󐙰	U+D0670		
󐚇	U+D0687		
󐟗	U+D07D7		
󐣲	U+D08F2		
󐤰	U+D0930		
󐤳	U+D0933		
󐥋	U+D094B		
󐥌	U+D094C		
󐥣	U+D0963		
󐥥	U+D0965		
󐥿	U+D097F		
󐦙	U+D0999		
󐦨	U+D09A8		
󐦿	U+D09BF		
󐧉	U+D09C9		
󐧽	U+D09FD		
󐨸	U+D0A38		
󐨾	U+D0A3E		
󐩂	U+D0A42		
󐩅	U+D0A45		
󐩞	U+D0A5E		
󐩪	U+D0A6A		
󐩲	U+D0A72		
󐪴	U+D0AB4		
󐫁	U+D0AC1		
󐫇	U+D0AC7		
󐬪	U+D0B2A		
󐮁	U+D0B81		
󐮤	U+D0BA4		
󐯒	U+D0BD2		
󐯢	U+D0BE2		
󐯶	U+D0BF6		
󐰁	U+D0C01		
󐰇	U+D0C07		
󐱉	U+D0C49		
󐱷	U+D0C77		
󐱹	U+D0C79		
󐱺	U+D0C7A		
󐲠	U+D0CA0		
󐳬	U+D0CEC		
󐴒	U+D0D12		
󐴣	U+D0D23		
󐵃	U+D0D43		
󐵓	U+D0D53		
󐵸	U+D0D78		
󐵿	U+D0D7F		
󐶄	U+D0D84		
󐶋	U+D0D8B		
󐶚	U+D0D9A		
󐶞	U+D0D9E		
󐶻	U+D0DBB		
󐶽	U+D0DBD		
󐷼	U+D0DFC		
󐸻	U+D0E3B		
󐹇	U+D0E47		
󐹛	U+D0E5B		
󐹣	U+D0E63		
󐹸	U+D0E78		
󐻲	U+D0EF2		
󐽬	U+D0F6C		
󐽲	U+D0F72		
󐾝	U+D0F9D		
󐾟	U+D0F9F		
󐾠	U+D0FA0		
󐾬	U+D0FAC		
󐾸	U+D0FB8		
󐾹	U+D0FB9		
󐿍	U+D0FCD		
󐿗	U+D0FD7		
󐿿	U+D0FFF		
󑀋	U+D100B		
󑀍	U+D100D		
󑀏	U+D100F		
󑀠	U+D1020		
󑁒	U+D1052		
󑁕	U+D1055		
󑃘	U+D10D8		
󑃞	U+D10DE		
󑃽	U+D10FD		
󑄥	U+D1125		
󑄳	U+D1133		
󑅢	U+D1162		
󑅬	U+D116C		
󑆃	U+D1183		
󑇙	U+D11D9		
󑈌	U+D120C		
󑉬	U+D126C		
󑎋	U+D138B		
󑏨	U+D13E8		
󑐣	U+D1423		
󑑜	U+D145C		
󑑠	U+D1460		
󑑽	U+D147D		
󑓎	U+D14CE		
󑕂	U+D1542		
󑕃	U+D1543		
󑕅	U+D1545		
󑕆	U+D1546		
󑕇	U+D1547		
󑕿	U+D157F		
󑖞	U+D159E		
󑘵	U+D1635		
󑚈	U+D1688		
󑚌	U+D168C		
󑚝	U+D169D		
󑚶	U+D16B6		
󑛬	U+D16EC		
󑛯	U+D16EF		
󑛷	U+D16F7		
󑝁	U+D1741		
󑝏	U+D174F		
󑝑	U+D1751		
󑝒	U+D1752		
󑟂	U+D17C2		
󑟑	U+D17D1		
󑟙	U+D17D9		
󑟪	U+D17EA		
󑟯	U+D17EF		
󑟰	U+D17F0		
󑡒	U+D1852		
󑡡	U+D1861		
󑢂	U+D1882		
󑢉	U+D1889		
󑢒	U+D1892		
󑣌	U+D18CC		
󑣲	U+D18F2		
󑤆	U+D1906		
󑤈	U+D1908		
󑤿	U+D193F		
󑥗	U+D1957		
󑥙	U+D1959		
󑦆	U+D1986		
󑦺	U+D19BA		
󑧋	U+D19CB		
󑧚	U+D19DA		
󑧿	U+D19FF		
󑨇	U+D1A07		
󑨕	U+D1A15		
󑨦	U+D1A26		
󑨭	U+D1A2D		
󑩥	U+D1A65		
󑪡	U+D1AA1		
󑪴	U+D1AB4		
󑫊	U+D1ACA		
󑫒	U+D1AD2		
󑫞	U+D1ADE		
󑬷	U+D1B37		
󑭆	U+D1B46		
󑭳	U+D1B73		
󑭶	U+D1B76		
󑮨	U+D1BA8		
󑮾	U+D1BBE		
󑮿	U+D1BBF		
󑯙	U+D1BD9		
󑯝	U+D1BDD		
󑯼	U+D1BFC		
󰅇	U+F0147		
󰌓	U+F0313		
󰌖	U+F0316		
󰌙	U+F0319		
(cid:41329)	(cid:41329)		
(cid:41333)	(cid:41333)		
(cid:41398)	(cid:41398)		
𾉻	U+3E27B		
񄯫	U+44BEB		
񄴉	U+44D09		
񄼘	U+44F18		
񄽅	U+44F45		
񄿨	U+44FE8		
񅅝	U+4515D		
񅈝	U+4521D		
񅉘	U+45258		
񅏍	U+453CD		
񅑟	U+4545F		
񅙢	U+45662		
񅜰	U+45730		
񅞖	U+45796		
񅤈	U+45908		
񰇿	U+701FF		
󈦣	U+C89A3		
󐁻	U+D007B		
󐃌	U+D00CC		
󐄒	U+D0112		
󐇇	U+D01C7		
󐈌	U+D020C		
󐋇	U+D02C7		
󐋕	U+D02D5		
󐍃	U+D0343		
󐍎	U+D034E		
󐎐	U+D0390		
󐏎	U+D03CE		
󐐇	U+D0407		
󐐒	U+D0412		
󐐳	U+D0433		
󐑛	U+D045B		
󐑨	U+D0468		
󐑫	U+D046B		
󐒀	U+D0480		
󐚓	U+D0693		
󐜠	U+D0720		
󐣅	U+D08C5		
󐤅	U+D0905		
󐤐	U+D0910		
󐤚	U+D091A		
󐤯	U+D092F		
󐥕	U+D0955		
󐥟	U+D095F		
󐥪	U+D096A		
󐦒	U+D0992		
󐦝	U+D099D		
󐦠	U+D09A0		
󐦫	U+D09AB		
󐧀	U+D09C0		
󐧁	U+D09C1		
󐧇	U+D09C7		
󐧍	U+D09CD		
󐧕	U+D09D5		
󐧞	U+D09DE		
󐧱	U+D09F1		
󐧲	U+D09F2		
󐨂	U+D0A02		
󐨵	U+D0A35		
󐩃	U+D0A43		
󐩽	U+D0A7D		
󐪈	U+D0A88		
󐪔	U+D0A94		
󐪘	U+D0A98		
󐪛	U+D0A9B		
󐫔	U+D0AD4		
󐬒	U+D0B12		
󐬵	U+D0B35		
󐭅	U+D0B45		
󐭎	U+D0B4E		
󐭴	U+D0B74		
󐮉	U+D0B89		
󐮪	U+D0BAA		
󐯙	U+D0BD9		
󐯪	U+D0BEA		
󐰔	U+D0C14		
󐰘	U+D0C18		
󐰱	U+D0C31		
󐰳	U+D0C33		
󐱁	U+D0C41		
󐱆	U+D0C46		
󐱊	U+D0C4A		
󐱼	U+D0C7C		
󐲊	U+D0C8A		
󐲌	U+D0C8C		
󐲙	U+D0C99		
󐲥	U+D0CA5		
󐲪	U+D0CAA		
󐳡	U+D0CE1		
󐳼	U+D0CFC		
󐴗	U+D0D17		
󐴘	U+D0D18		
󐴧	U+D0D27		
󐵤	U+D0D64		
󐵥	U+D0D65		
󐵩	U+D0D69		
󐵫	U+D0D6B		
󐵯	U+D0D6F		
󐵹	U+D0D79		
󐶌	U+D0D8C		
󐶐	U+D0D90		
󐶗	U+D0D97		
󐶙	U+D0D99		
󐶩	U+D0DA9		
󐶪	U+D0DAA		
󐶰	U+D0DB0		
󐶺	U+D0DBA		
󐶼	U+D0DBC		
󐷄	U+D0DC4		
󐷉	U+D0DC9		
󐷡	U+D0DE1		
󐸄	U+D0E04		
󐸏	U+D0E0F		
󐸟	U+D0E1F		
󐸡	U+D0E21		
󐸧	U+D0E27		
󐸫	U+D0E2B		
󐸽	U+D0E3D		
󐹏	U+D0E4F		
󐹧	U+D0E67		
󐹴	U+D0E74		
󐹹	U+D0E79		
󐹾	U+D0E7E		
󐺐	U+D0E90		
󐺑	U+D0E91		
󐺓	U+D0E93		
󐺦	U+D0EA6		
󐻉	U+D0EC9		
󐻊	U+D0ECA		
󐻣	U+D0EE3		
󐻦	U+D0EE6		
󐻰	U+D0EF0		
󐼔	U+D0F14		
󐼤	U+D0F24		
󐼪	U+D0F2A		
󐼬	U+D0F2C		
󐼰	U+D0F30		
󐽍	U+D0F4D		
󐽞	U+D0F5E		
󐽟	U+D0F5F		
󐽠	U+D0F60		
󐽡	U+D0F61		
󐽪	U+D0F6A		
󐽰	U+D0F70		
󐽸	U+D0F78		
󐾀	U+D0F80		
󐾁	U+D0F81		
󐾄	U+D0F84		
󐾌	U+D0F8C		
󐾚	U+D0F9A		
󐾮	U+D0FAE		
󐾯	U+D0FAF		
󐿐	U+D0FD0		
󑀑	U+D1011		
󑀩	U+D1029		
󑀫	U+D102B		
󑁅	U+D1045		
󑁈	U+D1048		
󑁉	U+D1049		
󑁎	U+D104E		
󑁔	U+D1054		
󑁪	U+D106A		
󑂕	U+D1095		
󑂜	U+D109C		
󑂪	U+D10AA		
󑂼	U+D10BC		
󑂽	U+D10BD		
󑃁	U+D10C1		
󑃇	U+D10C7		
󑃌	U+D10CC		
󑃳	U+D10F3		
󑄉	U+D1109		
󑄬	U+D112C		
󑄵	U+D1135		
󑅤	U+D1164		
󑅳	U+D1173		
󑅿	U+D117F		
󑆎	U+D118E		
󑆏	U+D118F		
󑆐	U+D1190		
󑆒	U+D1192		
󑆓	U+D1193		
󑆜	U+D119C		
󑆞	U+D119E		
󑆠	U+D11A0		
󑆡	U+D11A1		
󑆢	U+D11A2		
󑆣	U+D11A3		
󑆧	U+D11A7		
󑆪	U+D11AA		
󑆭	U+D11AD		
󑆵	U+D11B5		
󑆽	U+D11BD		
󑆾	U+D11BE		
󑆿	U+D11BF		
󑇋	U+D11CB		
󑇔	U+D11D4		
󑇮	U+D11EE		
󑇯	U+D11EF		
󑇷	U+D11F7		
󑇻	U+D11FB		
󑈒	U+D1212		
󑈔	U+D1214		
󑈞	U+D121E		
󑈪	U+D122A		
󑈴	U+D1234		
󑉏	U+D124F		
󑉖	U+D1256		
󑉙	U+D1259		
󑉞	U+D125E		
󑉥	U+D1265		
󑉻	U+D127B		
󑊀	U+D1280		
󑊃	U+D1283		
󑊒	U+D1292		
󑋝	U+D12DD		
󑋞	U+D12DE		
󑋤	U+D12E4		
󑍊	U+D134A		
󑍎	U+D134E		
󑍓	U+D1353		
󑍘	U+D1358		
󑍰	U+D1370		
󑏉	U+D13C9		
󑏘	U+D13D8		
󑐀	U+D1400		
󑐧	U+D1427		
󑐶	U+D1436		
󑐸	U+D1438		
󑑧	U+D1467		
󑑬	U+D146C		
󑒔	U+D1494		
󑒝	U+D149D		
󑒽	U+D14BD		
󑓀	U+D14C0		
󑓊	U+D14CA		
󑔻	U+D153B		
󑕯	U+D156F		
󑗖	U+D15D6		
󑗡	U+D15E1		
󑗬	U+D15EC		
󑙲	U+D1672		
󑚉	U+D1689		
󑚔	U+D1694		
󑚚	U+D169A		
󑚬	U+D16AC		
󑜁	U+D1701		
󑜘	U+D1718		
󑜙	U+D1719		
󑜹	U+D1739		
󑜼	U+D173C		
󑝨	U+D1768		
󑞌	U+D178C		
󑞖	U+D1796		
󑞮	U+D17AE		
󑞽	U+D17BD		
󑟝	U+D17DD		
󑟥	U+D17E5		
󑠉	U+D1809		
󑠶	U+D1836		
󑡁	U+D1841		
󑡈	U+D1848		
󑡤	U+D1864		
󑡱	U+D1871		
󑢈	U+D1888		
󑢘	U+D1898		
󑢰	U+D18B0		
󑣀	U+D18C0		
󑣄	U+D18C4		
󑣊	U+D18CA		
󑣋	U+D18CB		
󑣏	U+D18CF		
󑣔	U+D18D4		
󑣚	U+D18DA		
󑣥	U+D18E5		
󑣬	U+D18EC		
󑣶	U+D18F6		
󑣹	U+D18F9		
󑣿	U+D18FF		
󑤂	U+D1902		
󑤊	U+D190A		
󑤗	U+D1917		
󑤮	U+D192E		
󑤳	U+D1933		
󑤴	U+D1934		
󑥓	U+D1953		
󑥚	U+D195A		
󑥞	U+D195E		
󑦁	U+D1981		
󑦩	U+D19A9		
󑧠	U+D19E0		
󑧥	U+D19E5		
󑧨	U+D19E8		
󑧱	U+D19F1		
󑧸	U+D19F8		
󑧺	U+D19FA		
󑨰	U+D1A30		
󑨻	U+D1A3B		
󑩘	U+D1A58		
󑩴	U+D1A74		
󑪌	U+D1A8C		
󑪙	U+D1A99		
󑪟	U+D1A9F		
󑫑	U+D1AD1		
󑫗	U+D1AD7		
󑫘	U+D1AD8		
󑫪	U+D1AEA		
󑫵	U+D1AF5		
󑫷	U+D1AF7		
󑬎	U+D1B0E		
󑬕	U+D1B15		
󑮶	U+D1BB6		
󑮷	U+D1BB7		
󑯚	U+D1BDA		
󑯩	U+D1BE9		
󑯮	U+D1BEE		
󑯯	U+D1BEF		
󑯰	U+D1BF0		
󑯹	U+D1BF9		
󑯿	U+D1BFF		
󑰂	U+D1C02		
󰌍	U+F030D		
󰌎	U+F030E		
󰌒	U+F0312		
󰌛	U+F031B		
󰌞	U+F031E		
󰌩	U+F0329		
󰌬	U+F032C		
󰌭	U+F032D		
󰌸	U+F0338		
񄱅	U+44C45		
񄺶	U+44EB6		
񄼷	U+44F37		
񅇾	U+451FE		
񅉨	U+45268		
񅋤	U+452E4		
񅍕	U+45355		
񅍶	U+45376		
񅐝	U+4541D		
񅕜	U+4555C		
񅞾	U+457BE		
񅣩	U+458E9		
񅣹	U+458F9		
񘷈	U+58DC8		
󈦈	U+C8988		
󈩙	U+C8A59		
󐁌	U+D004C		
󐁏	U+D004F		
󐂃	U+D0083		
󐄴	U+D0134		
󐇯	U+D01EF		
󐊣	U+D02A3		
󐋍	U+D02CD		
󐌇	U+D0307		
󐍯	U+D036F		
󐎔	U+D0394		
󐏄	U+D03C4		
󐏠	U+D03E0		
󐏵	U+D03F5		
󐐈	U+D0408		
󐐔	U+D0414		
󐐾	U+D043E		
󐑩	U+D0469		
󐑬	U+D046C		
󐓉	U+D04C9		
󐔁	U+D0501		
󐔔	U+D0514		
󐔤	U+D0524		
󐔮	U+D052E		
󐔲	U+D0532		
󐔴	U+D0534		
󐕅	U+D0545		
󐕆	U+D0546		
󐕈	U+D0548		
󐕡	U+D0561		
󐕣	U+D0563		
󐕰	U+D0570		
󐕸	U+D0578		
󐖖	U+D0596		
󐖩	U+D05A9		
󐗶	U+D05F6		
󐘾	U+D063E		
󐛨	U+D06E8		
󐠑	U+D0811		
󐢡	U+D08A1		
󐣯	U+D08EF		
󐣻	U+D08FB		
󐤑	U+D0911		
󐤖	U+D0916		
󐤞	U+D091E		
󐤤	U+D0924		
󐥜	U+D095C		
󐥦	U+D0966		
󐥬	U+D096C		
󐦍	U+D098D		
󐦓	U+D0993		
󐦞	U+D099E		
󐦬	U+D09AC		
󐧡	U+D09E1		
󐧧	U+D09E7		
󐨘	U+D0A18		
󐩀	U+D0A40		
󐩊	U+D0A4A		
󐩦	U+D0A66		
󐪏	U+D0A8F		
󐪗	U+D0A97		
󐪢	U+D0AA2		
󐫌	U+D0ACC		
󐫠	U+D0AE0		
󐫡	U+D0AE1		
󐬯	U+D0B2F		
󐬳	U+D0B33		
󐭂	U+D0B42		
󐭚	U+D0B5A		
󐭢	U+D0B62		
󐭨	U+D0B68		
󐭪	U+D0B6A		
󐭲	U+D0B72		
󐭹	U+D0B79		
󐮒	U+D0B92		
󐮮	U+D0BAE		
󐮳	U+D0BB3		
󐮶	U+D0BB6		
󐯄	U+D0BC4		
󐯈	U+D0BC8		
󐯍	U+D0BCD		
󐯎	U+D0BCE		
󐯚	U+D0BDA		
󐯟	U+D0BDF		
󐯵	U+D0BF5		
󐯹	U+D0BF9		
󐯺	U+D0BFA		
󐯼	U+D0BFC		
󐰀	U+D0C00		
󐰎	U+D0C0E		
󐰖	U+D0C16		
󐰗	U+D0C17		
󐰚	U+D0C1A		
󐰣	U+D0C23		
󐰤	U+D0C24		
󐱚	U+D0C5A		
󐱡	U+D0C61		
󐱥	U+D0C65		
󐱨	U+D0C68		
󐱩	U+D0C69		
󐱵	U+D0C75		
󐲇	U+D0C87		
󐲒	U+D0C92		
󐲓	U+D0C93		
󐲔	U+D0C94		
󐲜	U+D0C9C		
󐲤	U+D0CA4		
󐲹	U+D0CB9		
󐲽	U+D0CBD		
󐳃	U+D0CC3		
󐳳	U+D0CF3		
󐳶	U+D0CF6		
󐳸	U+D0CF8		
󐴃	U+D0D03		
󐴊	U+D0D0A		
󐵅	U+D0D45		
󐵈	U+D0D48		
󐵌	U+D0D4C		
󐵝	U+D0D5D		
󐵱	U+D0D71		
󐶇	U+D0D87		
󐶉	U+D0D89		
󐶕	U+D0D95		
󐶘	U+D0D98		
󐶠	U+D0DA0		
󐶡	U+D0DA1		
󐷴	U+D0DF4		
󐷺	U+D0DFA		
󐸅	U+D0E05		
󐸉	U+D0E09		
󐸑	U+D0E11		
󐸒	U+D0E12		
󐸖	U+D0E16		
󐹚	U+D0E5A		
󐹭	U+D0E6D		
󐹮	U+D0E6E		
󐹯	U+D0E6F		
󐺃	U+D0E83		
󐺌	U+D0E8C		
󐺮	U+D0EAE		
󐺲	U+D0EB2		
󐻈	U+D0EC8		
󐻡	U+D0EE1		
󐻩	U+D0EE9		
󐻿	U+D0EFF		
󐼀	U+D0F00		
󐼂	U+D0F02		
󐼅	U+D0F05		
󐼓	U+D0F13		
󐼙	U+D0F19		
󐼫	U+D0F2B		
󐼿	U+D0F3F		
󐽇	U+D0F47		
󐽗	U+D0F57		
󐽽	U+D0F7D		
󐾂	U+D0F82		
󐾅	U+D0F85		
󐾇	U+D0F87		
󐾎	U+D0F8E		
󐾩	U+D0FA9		
󐾷	U+D0FB7		
󐿀	U+D0FC0		
󐿌	U+D0FCC		
󐿓	U+D0FD3		
󐿕	U+D0FD5		
󐿙	U+D0FD9		
󐿪	U+D0FEA		
󐿲	U+D0FF2		
󐿸	U+D0FF8		
󐿾	U+D0FFE		
󑀂	U+D1002		
󑀎	U+D100E		
󑀜	U+D101C		
󑁄	U+D1044		
󑁋	U+D104B		
󑁝	U+D105D		
󑁡	U+D1061		
󑁨	U+D1068		
󑁮	U+D106E		
󑁳	U+D1073		
󑁷	U+D1077		
󑁾	U+D107E		
󑁿	U+D107F		
󑂄	U+D1084		
󑂐	U+D1090		
󑂞	U+D109E		
󑃂	U+D10C2		
󑃃	U+D10C3		
󑃋	U+D10CB		
󑃐	U+D10D0		
󑃤	U+D10E4		
󑃦	U+D10E6		
󑃬	U+D10EC		
󑃯	U+D10EF		
󑃸	U+D10F8		
󑄆	U+D1106		
󑄇	U+D1107		
󑄗	U+D1117		
󑄪	U+D112A		
󑄴	U+D1134		
󑄻	U+D113B		
󑅗	U+D1157		
󑅴	U+D1174		
󑅵	U+D1175		
󑆀	U+D1180		
󑆕	U+D1195		
󑆨	U+D11A8		
󑇎	U+D11CE		
󑇒	U+D11D2		
󑇓	U+D11D3		
󑇪	U+D11EA		
󑈁	U+D1201		
󑈄	U+D1204		
󑊟	U+D129F		
󑊺	U+D12BA		
󑍟	U+D135F		
󑎦	U+D13A6		
󑎽	U+D13BD		
󑏲	U+D13F2		
󑏽	U+D13FD		
󑏾	U+D13FE		
󑐓	U+D1413		
󑒨	U+D14A8		
󑒿	U+D14BF		
󑓺	U+D14FA		
󑔇	U+D1507		
󑔎	U+D150E		
󑔕	U+D1515		
󑔖	U+D1516		
󑔩	U+D1529		
󑕄	U+D1544		
󑕙	U+D1559		
󑕥	U+D1565		
󑕪	U+D156A		
󑕭	U+D156D		
󑕮	U+D156E		
󑕾	U+D157E		
󑖋	U+D158B		
󑖲	U+D15B2		
󑖶	U+D15B6		
󑗃	U+D15C3		
󑗇	U+D15C7		
󑗉	U+D15C9		
󑗑	U+D15D1		
󑗔	U+D15D4		
󑗜	U+D15DC		
󑗞	U+D15DE		
󑗟	U+D15DF		
󑗨	U+D15E8		
󑗩	U+D15E9		
󑗪	U+D15EA		
󑗯	U+D15EF		
󑗳	U+D15F3		
󑘏	U+D160F		
󑘖	U+D1616		
󑘗	U+D1617		
󑘩	U+D1629		
󑘪	U+D162A		
󑘬	U+D162C		
󑘯	U+D162F		
󑘰	U+D1630		
󑙆	U+D1646		
󑙌	U+D164C		
󑙖	U+D1656		
󑙗	U+D1657		
󑙚	U+D165A		
󑙟	U+D165F		
󑙣	U+D1663		
󑙨	U+D1668		
󑙹	U+D1679		
󑙿	U+D167F		
󑚽	U+D16BD		
󑛅	U+D16C5		
󑛕	U+D16D5		
󑛪	U+D16EA		
󑛳	U+D16F3		
󑜀	U+D1700		
󑜕	U+D1715		
󑜮	U+D172E		
󑜵	U+D1735		
󑝖	U+D1756		
󑞃	U+D1783		
󑞇	U+D1787		
󑞎	U+D178E		
󑞥	U+D17A5		
󑞧	U+D17A7		
󑞨	U+D17A8		
󑞫	U+D17AB		
󑞵	U+D17B5		
󑟃	U+D17C3		
󑟄	U+D17C4		
󑟕	U+D17D5		
󑟩	U+D17E9		
󑟳	U+D17F3		
󑟷	U+D17F7		
󑟻	U+D17FB		
󑠄	U+D1804		
󑠋	U+D180B		
󑠌	U+D180C		
󑠏	U+D180F		
󑠑	U+D1811		
󑠕	U+D1815		
󑠖	U+D1816		
󑠚	U+D181A		
󑠛	U+D181B		
󑠝	U+D181D		
󑠤	U+D1824		
󑠪	U+D182A		
󑠭	U+D182D		
󑠸	U+D1838		
󑡏	U+D184F		
󑡓	U+D1853		
󑡔	U+D1854		
󑡙	U+D1859		
󑡟	U+D185F		
󑡪	U+D186A		
󑡬	U+D186C		
󑡴	U+D1874		
󑡹	U+D1879		
󑡺	U+D187A		
󑡻	U+D187B		
󑡿	U+D187F		
󑢅	U+D1885		
󑢊	U+D188A		
󑢛	U+D189B		
󑢡	U+D18A1		
󑢨	U+D18A8		
󑢬	U+D18AC		
󑢯	U+D18AF		
󑢲	U+D18B2		
󑢷	U+D18B7		
󑣉	U+D18C9		
󑣜	U+D18DC		
󑣧	U+D18E7		
󑣰	U+D18F0		
󑤉	U+D1909		
󑤖	U+D1916		
󑤤	U+D1924		
󑤨	U+D1928		
󑤩	U+D1929		
󑤬	U+D192C		
󑤶	U+D1936		
󑤸	U+D1938		
󑤹	U+D1939		
󑤽	U+D193D		
󑥅	U+D1945		
󑥆	U+D1946		
󑥊	U+D194A		
󑥍	U+D194D		
󑥒	U+D1952		
󑥔	U+D1954		
󑥿	U+D197F		
󑦅	U+D1985		
󑦘	U+D1998		
󑦪	U+D19AA		
󑦫	U+D19AB		
󑦱	U+D19B1		
󑦲	U+D19B2		
󑦽	U+D19BD		
󑦾	U+D19BE		
󑧊	U+D19CA		
󑧜	U+D19DC		
󑧝	U+D19DD		
󑧧	U+D19E7		
󑧳	U+D19F3		
󑧾	U+D19FE		
󑨌	U+D1A0C		
󑨐	U+D1A10		
󑨪	U+D1A2A		
󑨯	U+D1A2F		
󑨲	U+D1A32		
󑨳	U+D1A33		
󑨷	U+D1A37		
󑨾	U+D1A3E		
󑩅	U+D1A45		
󑩈	U+D1A48		
󑩊	U+D1A4A		
󑩍	U+D1A4D		
󑩑	U+D1A51		
󑩒	U+D1A52		
󑩶	U+D1A76		
󑩺	U+D1A7A		
󑩻	U+D1A7B		
󑪅	U+D1A85		
󑪇	U+D1A87		
󑪥	U+D1AA5		
󑪫	U+D1AAB		
󑪬	U+D1AAC		
󑪯	U+D1AAF		
󑪵	U+D1AB5		
󑪷	U+D1AB7		
󑪼	U+D1ABC		
󑫆	U+D1AC6		
󑫐	U+D1AD0		
󑫚	U+D1ADA		
󑫟	U+D1ADF		
󑫠	U+D1AE0		
󑫤	U+D1AE4		
󑫦	U+D1AE6		
󑫱	U+D1AF1		
󑫿	U+D1AFF		
󑬁	U+D1B01		
󑬃	U+D1B03		
󑬊	U+D1B0A		
󑬖	U+D1B16		
󑬙	U+D1B19		
󑬚	U+D1B1A		
󑬵	U+D1B35		
󑭇	U+D1B47		
󑭊	U+D1B4A		
󑭋	U+D1B4B		
󑭕	U+D1B55		
󑭷	U+D1B77		
󑮒	U+D1B92		
󑮩	U+D1BA9		
󑮭	U+D1BAD		
󑮰	U+D1BB0		
󑯀	U+D1BC0		
󑯛	U+D1BDB		
󑯞	U+D1BDE		
󑯣	U+D1BE3		
󰌆	U+F0306		
󰌌	U+F030C		
󰌑	U+F0311		
󰌕	U+F0315		
󰌗	U+F0317		
󰌚	U+F031A		
󰌝	U+F031D		
󰌽	U+F033D		
󰍑	U+F0351		
󰍒	U+F0352		
񄹸	U+44E78		
񄾧	U+44FA7		
񅁓	U+45053		
񅂌	U+4508C		
񅇎	U+451CE		
񅠃	U+45803		
񅤂	U+45902		
񮸫	U+6EE2B		
󐀗	U+D0017		
󐃈	U+D00C8		
󐄺	U+D013A		
󐅿	U+D017F		
󐆢	U+D01A2		
󐆥	U+D01A5		
󐊦	U+D02A6		
󐑕	U+D0455		
󐔥	U+D0525		
󐕃	U+D0543		
󐕥	U+D0565		
󐕲	U+D0572		
󐗡	U+D05E1		
󐛻	U+D06FB		
󐞑	U+D0791		
󐟦	U+D07E6		
󐠎	U+D080E		
󐢫	U+D08AB		
󐣺	U+D08FA		
󐤍	U+D090D		
󐤎	U+D090E		
󐤏	U+D090F		
󐤒	U+D0912		
󐤓	U+D0913		
󐤕	U+D0915		
󐤢	U+D0922		
󐤣	U+D0923		
󐤥	U+D0925		
󐤱	U+D0931		
󐤸	U+D0938		
󐤹	U+D0939		
󐥓	U+D0953		
󐥖	U+D0956		
󐥹	U+D0979		
󐦀	U+D0980		
󐦅	U+D0985		
󐦑	U+D0991		
󐦗	U+D0997		
󐦘	U+D0998		
󐦳	U+D09B3		
󐧃	U+D09C3		
󐧖	U+D09D6		
󐧼	U+D09FC		
󐨉	U+D0A09		
󐨊	U+D0A0A		
󐨥	U+D0A25		
󐨪	U+D0A2A		
󐨬	U+D0A2C		
󐨺	U+D0A3A		
󐩇	U+D0A47		
󐩍	U+D0A4D		
󐩣	U+D0A63		
󐩱	U+D0A71		
󐩷	U+D0A77		
󐪍	U+D0A8D		
󐪿	U+D0ABF		
󐫐	U+D0AD0		
󐫓	U+D0AD3		
󐫛	U+D0ADB		
󐫞	U+D0ADE		
󐫯	U+D0AEF		
󐬜	U+D0B1C		
󐬣	U+D0B23		
󐭛	U+D0B5B		
󐭬	U+D0B6C		
󐭷	U+D0B77		
󐮇	U+D0B87		
󐮊	U+D0B8A		
󐮍	U+D0B8D		
󐮖	U+D0B96		
󐮙	U+D0B99		
󐮜	U+D0B9C		
󐮻	U+D0BBB		
󐯂	U+D0BC2		
󐯌	U+D0BCC		
󐯓	U+D0BD3		
󐯥	U+D0BE5		
󐯫	U+D0BEB		
󐯯	U+D0BEF		
󐯽	U+D0BFD		
󐯾	U+D0BFE		
󐰂	U+D0C02		
󐰕	U+D0C15		
󐰷	U+D0C37		
󐰿	U+D0C3F		
󐱀	U+D0C40		
󐱌	U+D0C4C		
󐱓	U+D0C53		
󐱗	U+D0C57		
󐱢	U+D0C62		
󐱫	U+D0C6B		
󐱯	U+D0C6F		
󐱿	U+D0C7F		
󐲅	U+D0C85		
󐲎	U+D0C8E		
󐲟	U+D0C9F		
󐲬	U+D0CAC		
󐲭	U+D0CAD		
󐲰	U+D0CB0		
󐲶	U+D0CB6		
󐳁	U+D0CC1		
󐳗	U+D0CD7		
󐳛	U+D0CDB		
󐳢	U+D0CE2		
󐳭	U+D0CED		
󐳿	U+D0CFF		
󐴈	U+D0D08		
󐴖	U+D0D16		
󐴛	U+D0D1B		
󐴡	U+D0D21		
󐴦	U+D0D26		
󐴮	U+D0D2E		
󐵞	U+D0D5E		
󐵢	U+D0D62		
󐵧	U+D0D67		
󐵨	U+D0D68		
󐵴	U+D0D74		
󐵵	U+D0D75		
󐶦	U+D0DA6		
󐶫	U+D0DAB		
󐶬	U+D0DAC		
󐶳	U+D0DB3		
󐶵	U+D0DB5		
󐶶	U+D0DB6		
󐶷	U+D0DB7		
󐶸	U+D0DB8		
󐷂	U+D0DC2		
󐷇	U+D0DC7		
󐷊	U+D0DCA		
󐷋	U+D0DCB		
󐷖	U+D0DD6		
󐷗	U+D0DD7		
󐷛	U+D0DDB		
󐷟	U+D0DDF		
󐷠	U+D0DE0		
󐷫	U+D0DEB		
󐷭	U+D0DED		
󐷰	U+D0DF0		
󐷳	U+D0DF3		
󐷵	U+D0DF5		
󐷽	U+D0DFD		
󐸂	U+D0E02		
󐸇	U+D0E07		
󐸐	U+D0E10		
󐸓	U+D0E13		
󐸔	U+D0E14		
󐸘	U+D0E18		
󐸦	U+D0E26		
󐸩	U+D0E29		
󐸸	U+D0E38		
󐹁	U+D0E41		
󐹂	U+D0E42		
󐹆	U+D0E46		
󐹔	U+D0E54		
󐹡	U+D0E61		
󐺀	U+D0E80		
󐺁	U+D0E81		
󐺈	U+D0E88		
󐺱	U+D0EB1		
󐺶	U+D0EB6		
󐺸	U+D0EB8		
󐺹	U+D0EB9		
󐻖	U+D0ED6		
󐻗	U+D0ED7		
󐻙	U+D0ED9		
󐻝	U+D0EDD		
󐻞	U+D0EDE		
󐻮	U+D0EEE		
󐻾	U+D0EFE		
󐼹	U+D0F39		
󐽎	U+D0F4E		
󐽏	U+D0F4F		
󐽫	U+D0F6B		
󐽯	U+D0F6F		
󐽳	U+D0F73		
󐽼	U+D0F7C		
󐾧	U+D0FA7		
󐾾	U+D0FBE		
󐿟	U+D0FDF		
󐿢	U+D0FE2		
󐿨	U+D0FE8		
󐿮	U+D0FEE		
󑀇	U+D1007		
󑀒	U+D1012		
󑀤	U+D1024		
󑀦	U+D1026		
󑀬	U+D102C		
󑀴	U+D1034		
󑁖	U+D1056		
󑁗	U+D1057		
󑁘	U+D1058		
󑁲	U+D1072		
󑁻	U+D107B		
󑂇	U+D1087		
󑂉	U+D1089		
󑂋	U+D108B		
󑂖	U+D1096		
󑂝	U+D109D		
󑂧	U+D10A7		
󑂰	U+D10B0		
󑂾	U+D10BE		
󑃈	U+D10C8		
󑃣	U+D10E3		
󑃶	U+D10F6		
󑃹	U+D10F9		
󑃻	U+D10FB		
󑃼	U+D10FC		
󑄔	U+D1114		
󑄖	U+D1116		
󑄙	U+D1119		
󑄟	U+D111F		
󑄠	U+D1120		
󑄤	U+D1124		
󑄫	U+D112B		
󑄲	U+D1132		
󑅇	U+D1147		
󑅑	U+D1151		
󑅒	U+D1152		
󑅕	U+D1155		
󑅛	U+D115B		
󑅠	U+D1160		
󑅡	U+D1161		
󑅣	U+D1163		
󑅧	U+D1167		
󑅨	U+D1168		
󑅩	U+D1169		
󑅫	U+D116B		
󑅰	U+D1170		
󑅱	U+D1171		
󑅸	U+D1178		
󑅹	U+D1179		
󑅻	U+D117B		
󑅽	U+D117D		
󑆂	U+D1182		
󑆗	U+D1197		
󑆥	U+D11A5		
󑆮	U+D11AE		
󑆯	U+D11AF		
󑆲	U+D11B2		
󑆴	U+D11B4		
󑆺	U+D11BA		
󑆻	U+D11BB		
󑆼	U+D11BC		
󑇀	U+D11C0		
󑇁	U+D11C1		
󑇅	U+D11C5		
󑇉	U+D11C9		
󑇍	U+D11CD		
󑇏	U+D11CF		
󑇐	U+D11D0		
󑇞	U+D11DE		
󑇟	U+D11DF		
󑇧	U+D11E7		
󑇨	U+D11E8		
󑇩	U+D11E9		
󑇳	U+D11F3		
󑇸	U+D11F8		
󑇹	U+D11F9		
󑇿	U+D11FF		
󑈅	U+D1205		
󑈆	U+D1206		
󑈈	U+D1208		
󑈋	U+D120B		
󑈎	U+D120E		
󑈕	U+D1215		
󑈽	U+D123D		
󑉦	U+D1266		
󑉯	U+D126F		
󑉱	U+D1271		
󑉶	U+D1276		
󑉷	U+D1277		
󑉸	U+D1278		
󑉺	U+D127A		
󑉼	U+D127C		
󑉽	U+D127D		
󑊁	U+D1281		
󑊈	U+D1288		
󑊊	U+D128A		
󑊚	U+D129A		
󑊠	U+D12A0		
󑊡	U+D12A1		
󑊤	U+D12A4		
󑊥	U+D12A5		
󑊧	U+D12A7		
󑊨	U+D12A8		
󑊪	U+D12AA		
󑊫	U+D12AB		
󑊰	U+D12B0		
󑊱	U+D12B1		
󑊲	U+D12B2		
󑊳	U+D12B3		
󑊴	U+D12B4		
󑊵	U+D12B5		
󑊶	U+D12B6		
󑊸	U+D12B8		
󑊹	U+D12B9		
󑊼	U+D12BC		
󑊿	U+D12BF		
󑋄	U+D12C4		
󑋠	U+D12E0		
󑌅	U+D1305		
󑍵	U+D1375		
󑎊	U+D138A		
󑎔	U+D1394		
󑎬	U+D13AC		
󑎮	U+D13AE		
󑎲	U+D13B2		
󑎳	U+D13B3		
󑏈	U+D13C8		
󑏡	U+D13E1		
󑏦	U+D13E6		
󑏧	U+D13E7		
󑏫	U+D13EB		
󑏵	U+D13F5		
󑏶	U+D13F6		
󑏸	U+D13F8		
󑏹	U+D13F9		
󑏻	U+D13FB		
󑐑	U+D1411		
󑐜	U+D141C		
󑐬	U+D142C		
󑐮	U+D142E		
󑐻	U+D143B		
󑑂	U+D1442		
󑑌	U+D144C		
󑑎	U+D144E		
󑑏	U+D144F		
󑑾	U+D147E		
󑒇	U+D1487		
󑒈	U+D1488		
󑒋	U+D148B		
󑒌	U+D148C		
󑒭	U+D14AD		
󑒮	U+D14AE		
󑒯	U+D14AF		
󑒴	U+D14B4		
󑒸	U+D14B8		
󑓆	U+D14C6		
󑓏	U+D14CF		
󑓘	U+D14D8		
󑓛	U+D14DB		
󑓤	U+D14E4		
󑓥	U+D14E5		
󑓴	U+D14F4		
󑓽	U+D14FD		
󑔃	U+D1503		
󑔔	U+D1514		
󑔗	U+D1517		
󑔳	U+D1533		
󑕊	U+D154A		
󑕌	U+D154C		
󑕗	U+D1557		
󑕝	U+D155D		
󑕞	U+D155E		
󑕟	U+D155F		
󑕴	U+D1574		
󑕵	U+D1575		
󑖇	U+D1587		
󑖎	U+D158E		
󑖓	U+D1593		
󑖕	U+D1595		
󑖜	U+D159C		
󑖡	U+D15A1		
󑗅	U+D15C5		
󑗎	U+D15CE		
󑗐	U+D15D0		
󑗒	U+D15D2		
󑗓	U+D15D3		
󑗗	U+D15D7		
󑗚	U+D15DA		
󑗧	U+D15E7		
󑗲	U+D15F2		
󑘀	U+D1600		
󑘂	U+D1602		
󑘃	U+D1603		
󑘇	U+D1607		
󑘒	U+D1612		
󑘙	U+D1619		
󑘟	U+D161F		
󑘠	U+D1620		
󑘢	U+D1622		
󑘤	U+D1624		
󑘽	U+D163D		
󑙁	U+D1641		
󑙂	U+D1642		
󑙄	U+D1644		
󑙇	U+D1647		
󑙧	U+D1667		
󑚪	U+D16AA		
󑚵	U+D16B5		
󑛔	U+D16D4		
󑜃	U+D1703		
󑜑	U+D1711		
󑜒	U+D1712		
󑜛	U+D171B		
󑜟	U+D171F		
󑜳	U+D1733		
󑝝	U+D175D		
󑞍	U+D178D		
󑞐	U+D1790		
󑞙	U+D1799		
󑞠	U+D17A0		
󑞣	U+D17A3		
󑞦	U+D17A6		
󑞳	U+D17B3		
󑞶	U+D17B6		
󑞹	U+D17B9		
󑞿	U+D17BF		
󑟁	U+D17C1		
󑟌	U+D17CC		
󑟛	U+D17DB		
󑟢	U+D17E2		
󑟧	U+D17E7		
󑟵	U+D17F5		
󑟺	U+D17FA		
󑟾	U+D17FE		
󑠜	U+D181C		
󑠠	U+D1820		
󑠢	U+D1822		
󑠦	U+D1826		
󑠯	U+D182F		
󑠷	U+D1837		
󑠻	U+D183B		
󑠿	U+D183F		
󑡎	U+D184E		
󑡖	U+D1856		
󑡜	U+D185C		
󑡦	U+D1866		
󑡧	U+D1867		
󑡼	U+D187C		
󑢀	U+D1880		
󑢆	U+D1886		
󑢋	U+D188B		
󑢑	U+D1891		
󑢔	U+D1894		
󑢠	U+D18A0		
󑢪	U+D18AA		
󑢭	U+D18AD		
󑢮	U+D18AE		
󑢴	U+D18B4		
󑣎	U+D18CE		
󑣗	U+D18D7		
󑣛	U+D18DB		
󑣦	U+D18E6		
󑣨	U+D18E8		
󑣪	U+D18EA		
󑤺	U+D193A		
󑤻	U+D193B		
󑥁	U+D1941		
󑥂	U+D1942		
󑥄	U+D1944		
󑥉	U+D1949		
󑥋	U+D194B		
󑥮	U+D196E		
󑥯	U+D196F		
󑥺	U+D197A		
󑥻	U+D197B		
󑦃	U+D1983		
󑦉	U+D1989		
󑦊	U+D198A		
󑦌	U+D198C		
󑦒	U+D1992		
󑦓	U+D1993		
󑦔	U+D1994		
󑦗	U+D1997		
󑦚	U+D199A		
󑦛	U+D199B		
󑦞	U+D199E		
󑦠	U+D19A0		
󑦡	U+D19A1		
󑦥	U+D19A5		
󑦬	U+D19AC		
󑦭	U+D19AD		
󑦮	U+D19AE		
󑦰	U+D19B0		
󑦻	U+D19BB		
󑧈	U+D19C8		
󑧌	U+D19CC		
󑧎	U+D19CE		
󑧗	U+D19D7		
󑧘	U+D19D8		
󑧢	U+D19E2		
󑧪	U+D19EA		
󑧰	U+D19F0		
󑧲	U+D19F2		
󑧽	U+D19FD		
󑨒	U+D1A12		
󑨖	U+D1A16		
󑨣	U+D1A23		
󑨨	U+D1A28		
󑩉	U+D1A49		
󑩔	U+D1A54		
󑩡	U+D1A61		
󑩳	U+D1A73		
󑪗	U+D1A97		
󑪣	U+D1AA3		
󑪤	U+D1AA4		
󑪩	U+D1AA9		
󑪮	U+D1AAE		
󑪽	U+D1ABD		
󑫉	U+D1AC9		
󑫙	U+D1AD9		
󑫜	U+D1ADC		
󑫨	U+D1AE8		
󑬈	U+D1B08		
󑬋	U+D1B0B		
󑬑	U+D1B11		
󑬗	U+D1B17		
󑬛	U+D1B1B		
󑬫	U+D1B2B		
󑬬	U+D1B2C		
󑬭	U+D1B2D		
󑭂	U+D1B42		
󑭜	U+D1B5C		
󑭡	U+D1B61		
󑮃	U+D1B83		
󑮘	U+D1B98		
󑮟	U+D1B9F		
󑮡	U+D1BA1		
󑮢	U+D1BA2		
󑮱	U+D1BB1		
󑯇	U+D1BC7		
󑯊	U+D1BCA		
󑯌	U+D1BCC		
󑯎	U+D1BCE		
󑯏	U+D1BCF		
󑯜	U+D1BDC		
󑯶	U+D1BF6		
󰌃	U+F0303		
󰌉	U+F0309		
󰌘	U+F0318		
